polling_unit_id,source_file,draft_province,draft_district,draft_subdistrict_or_municipality,draft_municipality,draft_moo,draft_unit_number,official_province,official_district,official_subdistrict,official_municipality,official_moo,lat,lon,tambon_code,amphoe_code,province_code,location_verified,tambon_verified,tambon_lat,tambon_lon,verification_source,verification_note,needs_location_review,location_review_reason,location_confidence,path_header_unit_match,path_header_locality_match,province_expected_match,district_expected_match,missing_moo,header_unit_number,header_moo,header_locality,header_district,header_constituency_number,header_province,has_markdown,path_local_government,path_local_government_type,path_local_government_name,path_unit_number,path_folder,pdf_path
หน_วยท_10_0001,หน_วยท_10_0001.pdf,กำแพงเพชร,เมือง,นครพนม,,9.0,10.0,,,,,,,,,,,False,False,,,,,False,,0.9,True,True,True,True,False,10.0,9.0,นครพนม,เมือง,1.0,กำแพงเพชร,True,,,,,,
หน_วยท_1_0001,หน_วยท_1_0001.pdf,กรุงเทพฯ,เพียง,,,2.0,1.0,,,,,,,,,,,False,False,,,,,True,province_ocr_unreliable;district_ocr_unreliable,0.55,True,True,False,False,False,1.0,2.0,,เพียง,1.0,กรุงเทพฯ,True,,,,,,
หน_วยท_3_0001,หน_วยท_3_0001.pdf,เชียงใหม่,เมือง,เทพนคร,,2.0,3.0,,,,,,,,,,,False,False,,,,,True,province_ocr_unreliable,0.55,True,True,False,True,False,3.0,2.0,เทพนคร,เมือง,1.0,เชียงใหม่,True,,,,,,
หน_วยท_4_0001,หน_วยท_4_0001.pdf,กรุงเทพมหานคร,เมืองฯ,มิตรจุฬา,,4.0,,,,,,,,,,,,False,False,,,,,True,province_ocr_unreliable,0.55,True,True,False,True,False,,4.0,มิตรจุฬา,เมืองฯ,,กรุงเทพมหานคร,True,,,,,,
หน_วยท_5_0001,หน_วยท_5_0001.pdf,กำแพงเพชร,เมืองกำแพงเพชร,นครชุม,,4.0,5.0,,,,,,,,,,,False,False,,,,,False,,0.9,True,True,True,True,False,5.0,4.0,นครชุม,เมืองกำแพงเพชร,1.0,กำแพงเพชร,True,,,,,,
หน_วยท_6_0001,หน_วยท_6_0001.pdf,กำแพงเพชร,เมือง,,,4.0,,,,,,,,,,,,False,False,,,,,False,,0.9,True,True,True,True,False,,4.0,,เมือง,,กำแพงเพชร,True,,,,,,
หน_วยท_7_0001,หน_วยท_7_0001.pdf,กำแพงเพชร,เมือง,เทพนคร,,5.0,7.0,,,,,,,,,,,False,False,,,,,False,,0.9,True,True,True,True,False,7.0,5.0,เทพนคร,เมือง,1.0,กำแพงเพชร,True,,,,,,
หน_วยท_8_0001,หน_วยท_8_0001.pdf,กำแพงเพชร,เมือง,อ่างทอง,,5.0,8.0,,,,,,,,,,,False,False,,,,,False,,0.9,True,True,True,True,False,8.0,5.0,อ่างทอง,เมือง,1.0,กำแพงเพชร,True,,,,,,
หน_วยท_9_0001,หน_วยท_9_0001.pdf,กำแพงเพชร,เมือง,นครชุม,,6.0,9.0,,,,,,,,,,,False,False,,,,,False,,0.9,True,True,True,True,False,9.0,6.0,นครชุม,เมือง,1.0,กำแพงเพชร,True,,,,,,
หน_วยท_11_0001,หน_วยท_11_0001.pdf,กำแพงเพชร,เมือง,อ่างทอง,,8.0,11.0,,,,,,,,,,,False,False,,,,,False,,0.9,True,True,True,True,False,11.0,8.0,อ่างทอง,เมือง,1.0,กำแพงเพชร,True,,,,,,
หน_วยท_12_0001,หน_วยท_12_0001.pdf,กรุงเทพมหานคร ใส่จริงสิ้นเป็นที่เรียบร้อ,เมืองฯ,เทพนคร,,9.0,12.0,,,,,,,,,,,False,False,,,,,True,province_ocr_unreliable,0.55,True,True,False,True,False,12.0,9.0,เทพนคร,เมืองฯ,1.0,กรุงเทพมหานคร ใส่จริงสิ้นเป็นที่เรียบร้อ,True,,,,,,
หน_วยท_13_0001,หน_วยท_13_0001.pdf,กรุงเทพมหานคร,เมือง,อ่างทอง,,9.0,13.0,,,,,,,,,,,False,False,,,,,True,province_ocr_unreliable,0.55,True,True,False,True,False,13.0,9.0,อ่างทอง,เมือง,13.0,กรุงเทพมหานคร,True,,,,,,
หน_วยท_14_0001,หน_วยท_14_0001.pdf,กำแพงเพชร,เมือง,อ่างทอง,,10.0,14.0,,,,,,,,,,,False,False,,,,,False,,0.9,True,True,True,True,False,14.0,10.0,อ่างทอง,เมือง,1.0,กำแพงเพชร,True,,,,,,
หน_วยท_15_0001,หน_วยท_15_0001.pdf,กำแพงเพชร,เมือง,อ่างทอง,,11.0,15.0,,,,,,,,,,,False,False,,,,,False,,0.9,True,True,True,True,False,15.0,11.0,อ่างทอง,เมือง,1.0,กำแพงเพชร,True,,,,,,
หน_วยท_16_0001,หน_วยท_16_0001.pdf,กำแพงเพชร,6 มิ่งฯ,,,,,,,,,,,,,,,False,False,,,,,True,district_ocr_unreliable;missing_moo,0.55,True,True,True,False,True,,,,6 มิ่งฯ,,กำแพงเพชร,True,,,,,,
หน_วยท_17_0001,หน_วยท_17_0001.pdf,กรุงเทพมหานคร,เมือง,เตาหลวง,,12.0,17.0,,,,,,,,,,,False,False,,,,,True,province_ocr_unreliable,0.55,True,True,False,True,False,17.0,12.0,เตาหลวง,เมือง,1.0,กรุงเทพมหานคร,True,,,,,,
หน_วยท_18_0001,หน_วยท_18_0001.pdf,กรุงเทพฯ,เพียง,เกพนคร,,14.0,18.0,,,,,,,,,,,False,False,,,,,True,province_ocr_unreliable;district_ocr_unreliable,0.55,True,True,False,False,False,18.0,14.0,เกพนคร,เพียง,1.0,กรุงเทพฯ,True,,,,,,
หน_วยท_19_0001,หน_วยท_19_0001.pdf,กำแพงเพชร,เมือง,,,19.0,19.0,,,,,,,,,,,False,False,,,,,False,,0.9,True,True,True,True,False,19.0,19.0,,เมือง,1.0,กำแพงเพชร,True,,,,,,
หน_วยท_20_0001,หน_วยท_20_0001.pdf,กำแพงเพชร,เมือง,คามเทพนคร,,15.0,20.0,,,,,,,,,,,False,False,,,,,False,,0.9,True,True,True,True,False,20.0,15.0,คามเทพนคร,เมือง,1.0,กำแพงเพชร,True,,,,,,
หน_วยท_21_0001,หน_วยท_21_0001.pdf,กำแพงเพชร,เมือง,เพาเวอร์,,16.0,21.0,,,,,,,,,,,False,False,,,,,False,,0.9,True,True,True,True,False,21.0,16.0,เพาเวอร์,เมือง,2.0,กำแพงเพชร,True,,,,,,
หน_วยท_22_0001,หน_วยท_22_0001.pdf,กำแพงเพชร,เมือง,ถนนฯ,,17.0,22.0,,,,,,,,,,,False,False,,,,,False,,0.9,True,True,True,True,False,22.0,17.0,ถนนฯ,เมือง,1.0,กำแพงเพชร,True,,,,,,
หน_วยท_24_0001,หน_วยท_24_0001.pdf,กำแพงเพชร,เมือง,อ่างทอง,,19.0,24.0,,,,,,,,,,,False,False,,,,,False,,0.9,True,True,True,True,False,24.0,19.0,อ่างทอง,เมือง,1.0,กำแพงเพชร,True,,,,,,
หน_วยท_25_0001,หน_วยท_25_0001.pdf,กำแพงเพชร,เชียงราย,อ่างทอง,,20.0,25.0,,,,,,,,,,,False,False,,,,,True,district_ocr_unreliable,0.55,True,True,True,False,False,25.0,20.0,อ่างทอง,เชียงราย,,กำแพงเพชร,True,,,,,,
หน_วยท_26_0001,หน_วยท_26_0001.pdf,กำแพงเพชร,เมือง,เทพนคร,,21.0,26.0,,,,,,,,,,,False,False,,,,,False,,0.9,True,True,True,True,False,26.0,21.0,เทพนคร,เมือง,,กำแพงเพชร,True,,,,,,
หน_วยท_27_0001,หน_วยท_27_0001.pdf,กรุงเทพฯ,เมือง,เทพนคร,,22.0,27.0,,,,,,,,,,,False,False,,,,,True,province_ocr_unreliable,0.55,True,True,False,True,False,27.0,22.0,เทพนคร,เมือง,1.0,กรุงเทพฯ,True,,,,,,
หน_วยท_2_0001,หน_วยท_2_0001.pdf,สมุทรสาคร,เมืองฯ,เทพนคร,,1.0,2.0,,,,,,,,,,,False,False,,,,,True,province_ocr_unreliable,0.55,True,True,False,True,False,2.0,1.0,เทพนคร,เมืองฯ,1.0,สมุทรสาคร,True,,,,,,
หน_วยท_23_0001,หน_วยท_23_0001.pdf,กรุงเทพมหานคร,เมือง,อ่างทอง,,18.0,23.0,,,,,,,,,,,False,False,,,,,True,province_ocr_unreliable,0.55,True,True,False,True,False,23.0,18.0,อ่างทอง,เมือง,1.0,กรุงเทพมหานคร,True,,,,,,
หน_วยเล_อกต_งท_1,หน_วยเล_อกต_งท_1.pdf,กรุงเทพมหานคร,เมือง,คลองสามวา,,1.0,1.0,,,,,,,,,,,False,False,,,,,True,province_ocr_unreliable,0.55,True,True,False,True,False,1.0,1.0,คลองสามวา,เมือง,1.0,กรุงเทพมหานคร,True,,,,,,
หน_วยเล_อกต_งท_2,หน_วยเล_อกต_งท_2.pdf,กำแพงเพชร,เมืองฯ,คลองแม่สาย,,3.0,2.0,,,,,,,,,,,False,False,,,,,False,,0.9,True,True,True,True,False,2.0,3.0,คลองแม่สาย,เมืองฯ,1.0,กำแพงเพชร,True,,,,,,
หน_วยเล_อกต_งท_3,หน_วยเล_อกต_งท_3.pdf,กำแพงเพชร,เมืองฯ,,,3.0,3.0,,,,,,,,,,,False,False,,,,,False,,0.9,True,True,True,True,False,3.0,3.0,,เมืองฯ,1.0,กำแพงเพชร,True,,,,,,
หน_วยเล_อกต_งท_4,หน_วยเล_อกต_งท_4.pdf,กำแพงเพชร,เมืองฯ,คลองเตย,,3.0,4.0,,,,,,,,,,,False,False,,,,,False,,0.9,True,True,True,True,False,4.0,3.0,คลองเตย,เมืองฯ,1.0,กำแพงเพชร,True,,,,,,
หน_วยเล_อกต_งท_5,หน_วยเล_อกต_งท_5.pdf,กรุงเทพมหานคร,เมืองฯ,อ่างทอง,,1.0,5.0,,,,,,,,,,,False,False,,,,,True,province_ocr_unreliable,0.55,True,True,False,True,False,5.0,1.0,อ่างทอง,เมืองฯ,1.0,กรุงเทพมหานคร,True,,,,,,
หน_วยเล_อกต_งท_6,หน_วยเล_อกต_งท_6.pdf,กำแพงเพชร,เมืองฯ,ตำบลดอนทองเมือง,,,,,,,,,,,,,,False,False,,,,,True,missing_moo,0.55,True,True,True,True,True,,,ตำบลดอนทองเมือง,เมืองฯ,1.0,กำแพงเพชร,True,,,,,,
หน_วยเล_อกต_งท_7,หน_วยเล_อกต_งท_7.pdf,กำแพงเพชร,เมืองกำแพงเพชร,ตำบลดอนทองเมือง,,,,,,,,,,,,,,False,False,,,,,True,missing_moo,0.55,True,True,True,True,True,,,ตำบลดอนทองเมือง,เมืองกำแพงเพชร,1.0,กำแพงเพชร,True,,,,,,
หน_วยเล_อกต_งท_8,หน_วยเล_อกต_งท_8.pdf,กรุงเทพมหานคร,เมืองฯ,คลองแปลง,,1.0,8.0,,,,,,,,,,,False,False,,,,,True,province_ocr_unreliable,0.55,True,True,False,True,False,8.0,1.0,คลองแปลง,เมืองฯ,,กรุงเทพมหานคร,True,,,,,,
ตำบลอ_างทอง_หน_วยท_10_0001,ตำบลอ_างทอง_หน_วยท_10_0001.pdf,กรุงเทพฯ,เมือง,สำนอง,ตำบลอ่างทอง,7.0,10.0,,,,,,,,,,,False,False,,,,,True,locality_mismatch;province_ocr_unreliable,0.55,True,False,False,True,False,10.0,7.0,สำนอง,เมือง,1.0,กรุงเทพฯ,True,ตำบลอ่างทอง,,ตำบลอ่างทอง,10.0,ตำบลอ่างทอง,C:\Users\Neo\Downloads\ocr_dsde\data\raw_pdf\ตำบลอ่างทอง\หน่วยที่ 10_0001.pdf
ตำบลอ_างทอง_หน_วยท_11_0001,ตำบลอ_างทอง_หน_วยท_11_0001.pdf,กำแพงเพชร,เมือง,อ่างทอง,ตำบลอ่างทอง,8.0,11.0,,,,,,,,,,,False,False,,,,,False,,0.9,True,True,True,True,False,11.0,8.0,อ่างทอง,เมือง,1.0,กำแพงเพชร,True,ตำบลอ่างทอง,,ตำบลอ่างทอง,11.0,ตำบลอ่างทอง,C:\Users\Neo\Downloads\ocr_dsde\data\raw_pdf\ตำบลอ่างทอง\หน่วยที่ 11_0001.pdf
ตำบลอ_างทอง_หน_วยท_12_0001,ตำบลอ_างทอง_หน_วยท_12_0001.pdf,กรุงเทพฯ,เมือง,อ่างทอง,ตำบลอ่างทอง,9.0,12.0,,,,,,,,,,,False,False,,,,,True,province_ocr_unreliable,0.55,True,True,False,True,False,12.0,9.0,อ่างทอง,เมือง,1.0,กรุงเทพฯ,True,ตำบลอ่างทอง,,ตำบลอ่างทอง,12.0,ตำบลอ่างทอง,C:\Users\Neo\Downloads\ocr_dsde\data\raw_pdf\ตำบลอ่างทอง\หน่วยที่ 12_0001.pdf
ตำบลอ_างทอง_หน_วยท_13_0001,ตำบลอ_างทอง_หน_วยท_13_0001.pdf,กรุงเทพมหานคร,เมือง,อ่างทอง,ตำบลอ่างทอง,9.0,13.0,,,,,,,,,,,False,False,,,,,True,province_ocr_unreliable,0.55,True,True,False,True,False,13.0,9.0,อ่างทอง,เมือง,13.0,กรุงเทพมหานคร,True,ตำบลอ่างทอง,,ตำบลอ่างทอง,13.0,ตำบลอ่างทอง,C:\Users\Neo\Downloads\ocr_dsde\data\raw_pdf\ตำบลอ่างทอง\หน่วยที่ 13_0001.pdf
ตำบลอ_างทอง_หน_วยท_14_0001,ตำบลอ_างทอง_หน_วยท_14_0001.pdf,กำแพงเพชร,เมือง,อ่างทอง,ตำบลอ่างทอง,10.0,14.0,,,,,,,,,,,False,False,,,,,False,,0.9,True,True,True,True,False,14.0,10.0,อ่างทอง,เมือง,1.0,กำแพงเพชร,True,ตำบลอ่างทอง,,ตำบลอ่างทอง,14.0,ตำบลอ่างทอง,C:\Users\Neo\Downloads\ocr_dsde\data\raw_pdf\ตำบลอ่างทอง\หน่วยที่ 14_0001.pdf
ตำบลอ_างทอง_หน_วยท_15_0001,ตำบลอ_างทอง_หน_วยท_15_0001.pdf,กำแพงเพชร,เมือง,อ่างทอง,ตำบลอ่างทอง,11.0,15.0,,,,,,,,,,,False,False,,,,,False,,0.9,True,True,True,True,False,15.0,11.0,อ่างทอง,เมือง,1.0,กำแพงเพชร,True,ตำบลอ่างทอง,,ตำบลอ่างทอง,15.0,ตำบลอ่างทอง,C:\Users\Neo\Downloads\ocr_dsde\data\raw_pdf\ตำบลอ่างทอง\หน่วยที่ 15_0001.pdf
ตำบลอ_างทอง_หน_วยท_16_0001,ตำบลอ_างทอง_หน_วยท_16_0001.pdf,กำแพงเพชร,เมือง,อ่างทอง,ตำบลอ่างทอง,11.0,16.0,,,,,,,,,,,False,False,,,,,False,,0.9,True,True,True,True,False,16.0,11.0,อ่างทอง,เมือง,1.0,กำแพงเพชร,True,ตำบลอ่างทอง,,ตำบลอ่างทอง,16.0,ตำบลอ่างทอง,C:\Users\Neo\Downloads\ocr_dsde\data\raw_pdf\ตำบลอ่างทอง\หน่วยที่ 16_0001.pdf
ตำบลอ_างทอง_หน_วยท_17_0001,ตำบลอ_างทอง_หน_วยท_17_0001.pdf,,เมือง,ตำบลอ่างทอง,ตำบลอ่างทอง,,17.0,,,,,,,,,,,False,False,,,,,True,missing_moo,0.55,True,True,True,True,True,,,,เมือง,,,True,ตำบลอ่างทอง,,ตำบลอ่างทอง,17.0,ตำบลอ่างทอง,C:\Users\Neo\Downloads\ocr_dsde\data\raw_pdf\ตำบลอ่างทอง\หน่วยที่ 17_0001.pdf
ตำบลอ_างทอง_หน_วยท_19_0001,ตำบลอ_างทอง_หน_วยท_19_0001.pdf,เชียงใหม่,"เชียงราย จังหวัด เชียงใหม่ เสร็จสิ้นเป็นที่เรียบร้อยแล้ว ดังนั้น จึงขอรายงานผลการนับคะแนนของ หน่วยเลือกตั้งดังกล่าว ดังนี้ **1. จำนวนผู้มีสิทธิเลือกตั้ง** 1.1 จำนวนผู้มีสิทธิเลือกตั้งตามบัญชีรายชื่อผู้มีสิทธิเลือกตั้ง จำนวน 720 คน (เชิงรุ่งยืนคน) 1.2 จำนวนผู้มีสิทธิเลือกตั้งที่มาแสดงตน (เฉพาะวันเลือกตั้ง) จำนวน 364 คน (สามร้อยหกสี่คน) **2. จำนวนบัตรเลือกตั้ง** 2.1 จำนวนบัตรเลือกตั้งที่ได้รับจัดสรร จำนวน 700 บัตร (เจ็ดร้อยบาทถ้วน) 2.2 จำนวนบัตรเลือกตั้งที่ใช้ จำนวน 364 บัตร (สามร้อยหกสี่บาทถ้วน) 2.2.1 บัตรดี จำนวน 320 บัตร (สามร้อยสองสิบบาทถ้วน) 2.2.2 บัตรเสีย จำนวน 27 บัตร (สองสิบบาทถ้วน) 2.2.3 บัตรที่ไม่เลือกผู้สมัครผู้ใด จำนวน 17 บัตร (สิบเอ็ดบาทถ้วน) 2.3 จำนวนบัตรเลือกตั้งที่เหลือ จำนวน 336 บัตร (สามร้อย三สิบบาทถ้วน) **3. จำนวนคะแนนที่ผู้สมัครรับเลือกตั้งแต่ละคนได้รับเรียงตามลำดับหมายเลขประจำตัวผู้สมัคร** <table><tr><td>หมายเลขประจำตัว<br/>ผู้สมัคร</td><td>ชื่อตัว - ชื่อสกุล<br/>ผู้สมัครรับเลือกตั้ง</td><td>พรรคการเมือง</td><td>ได้คะแนน<br/>(ให้กรอกทั้งตัวเลขและตัวอักษร)</td></tr><tr><td>1</td><td>นางสาวนันทิตา โต๊ะดอนทอง</td><td>พรรคประชาธิปัตย์</td><td>22 (แปดร้อยสองบาทถ้วน)</td></tr><tr><td>2</td><td>นายไผ่ ลิกค์</td><td>พรรคคล้าธรรม</td><td>180 (หนึ่งร้อยแปดสิบบาทถ้วน)</td></tr><tr><td>3</td><td>นายพิบูลย์<br/>รื่นสันต์ ทรายทองวัฒนา</td><td>พรรคเศรษฐกิจ</td><td>6 (หกบาทถ้วน)</td></tr><tr><td>4</td><td>นายปริญวัฒน์ ทวีกิจศิรพงษ์</td><td>พรรคประชาชน</td><td>95 (เก้าสิบห้าบาทถ้วน)</td></tr><tr><td>5</td><td>นายชัยพันธ์ ศรีคชไกร</td><td>พรรคเพื่อไทย</td><td>6 (หกบาทถ้วน)</td></tr><tr><td>6</td><td>ประกาศไม่รับสมัคร</td><td></td><td></td></tr><tr><td>7</td><td>นายศรสิน อินทะชัย</td><td>พรรคภูมิใจไทย</td><td>11 (สิบเอ็ดบาทถ้วน)</td></tr><tr><td colspan=""3"">รวมคะแนนทั้งสิ้น</td><td>329 (สามร้อยสองสิบบาทถ้วน)</td></tr></table> --- Page 2 (ตำบลอ_างทอง_หน_วยท_19_0001_page2.png) --- ส.ส. 5/18 สีขาว ชุดที่ 1 เก็บไว้ในเล่มเพื่อส่งคณะกรรมการการเลือกตั้งประจำ",ตำบลอ่างทอง,ตำบลอ่างทอง,14.0,19.0,,,,,,,,,,,False,False,,,,,True,province_ocr_unreliable,0.55,True,True,False,True,False,19.0,14.0,,"เชียงราย จังหวัด เชียงใหม่ เสร็จสิ้นเป็นที่เรียบร้อยแล้ว ดังนั้น จึงขอรายงานผลการนับคะแนนของ หน่วยเลือกตั้งดังกล่าว ดังนี้ **1. จำนวนผู้มีสิทธิเลือกตั้ง** 1.1 จำนวนผู้มีสิทธิเลือกตั้งตามบัญชีรายชื่อผู้มีสิทธิเลือกตั้ง จำนวน 720 คน (เชิงรุ่งยืนคน) 1.2 จำนวนผู้มีสิทธิเลือกตั้งที่มาแสดงตน (เฉพาะวันเลือกตั้ง) จำนวน 364 คน (สามร้อยหกสี่คน) **2. จำนวนบัตรเลือกตั้ง** 2.1 จำนวนบัตรเลือกตั้งที่ได้รับจัดสรร จำนวน 700 บัตร (เจ็ดร้อยบาทถ้วน) 2.2 จำนวนบัตรเลือกตั้งที่ใช้ จำนวน 364 บัตร (สามร้อยหกสี่บาทถ้วน) 2.2.1 บัตรดี จำนวน 320 บัตร (สามร้อยสองสิบบาทถ้วน) 2.2.2 บัตรเสีย จำนวน 27 บัตร (สองสิบบาทถ้วน) 2.2.3 บัตรที่ไม่เลือกผู้สมัครผู้ใด จำนวน 17 บัตร (สิบเอ็ดบาทถ้วน) 2.3 จำนวนบัตรเลือกตั้งที่เหลือ จำนวน 336 บัตร (สามร้อย三สิบบาทถ้วน) **3. จำนวนคะแนนที่ผู้สมัครรับเลือกตั้งแต่ละคนได้รับเรียงตามลำดับหมายเลขประจำตัวผู้สมัคร** <table><tr><td>หมายเลขประจำตัว<br/>ผู้สมัคร</td><td>ชื่อตัว - ชื่อสกุล<br/>ผู้สมัครรับเลือกตั้ง</td><td>พรรคการเมือง</td><td>ได้คะแนน<br/>(ให้กรอกทั้งตัวเลขและตัวอักษร)</td></tr><tr><td>1</td><td>นางสาวนันทิตา โต๊ะดอนทอง</td><td>พรรคประชาธิปัตย์</td><td>22 (แปดร้อยสองบาทถ้วน)</td></tr><tr><td>2</td><td>นายไผ่ ลิกค์</td><td>พรรคคล้าธรรม</td><td>180 (หนึ่งร้อยแปดสิบบาทถ้วน)</td></tr><tr><td>3</td><td>นายพิบูลย์<br/>รื่นสันต์ ทรายทองวัฒนา</td><td>พรรคเศรษฐกิจ</td><td>6 (หกบาทถ้วน)</td></tr><tr><td>4</td><td>นายปริญวัฒน์ ทวีกิจศิรพงษ์</td><td>พรรคประชาชน</td><td>95 (เก้าสิบห้าบาทถ้วน)</td></tr><tr><td>5</td><td>นายชัยพันธ์ ศรีคชไกร</td><td>พรรคเพื่อไทย</td><td>6 (หกบาทถ้วน)</td></tr><tr><td>6</td><td>ประกาศไม่รับสมัคร</td><td></td><td></td></tr><tr><td>7</td><td>นายศรสิน อินทะชัย</td><td>พรรคภูมิใจไทย</td><td>11 (สิบเอ็ดบาทถ้วน)</td></tr><tr><td colspan=""3"">รวมคะแนนทั้งสิ้น</td><td>329 (สามร้อยสองสิบบาทถ้วน)</td></tr></table> --- Page 2 (ตำบลอ_างทอง_หน_วยท_19_0001_page2.png) --- ส.ส. 5/18 สีขาว ชุดที่ 1 เก็บไว้ในเล่มเพื่อส่งคณะกรรมการการเลือกตั้งประจำ",,เชียงใหม่,True,ตำบลอ่างทอง,,ตำบลอ่างทอง,19.0,ตำบลอ่างทอง,C:\Users\Neo\Downloads\ocr_dsde\data\raw_pdf\ตำบลอ่างทอง\หน่วยที่ 19_0001.pdf
ตำบลอ_างทอง_หน_วยท_1_0001,ตำบลอ_างทอง_หน_วยท_1_0001.pdf,กำแพงเพชร,เมือง,อ่างทอง,ตำบลอ่างทอง,1.0,1.0,,,,,,,,,,,False,False,,,,,False,,0.9,True,True,True,True,False,1.0,1.0,อ่างทอง,เมือง,1.0,กำแพงเพชร,True,ตำบลอ่างทอง,,ตำบลอ่างทอง,1.0,ตำบลอ่างทอง,C:\Users\Neo\Downloads\ocr_dsde\data\raw_pdf\ตำบลอ่างทอง\หน่วยที่ 1_0001.pdf
ตำบลอ_างทอง_หน_วยท_20_0001,ตำบลอ_างทอง_หน_วยท_20_0001.pdf,สำเนา สร์จสิ้นเป็นที่เรียบร้อยแล้ว ดังนั,เมือง เช็ค,ตำบลอ่างทอง,ตำบลอ่างทอง,,20.0,,,,,,,,,,,False,False,,,,,True,province_ocr_unreliable;missing_moo,0.55,True,True,False,True,True,,,,เมือง เช็ค,,สำเนา สร์จสิ้นเป็นที่เรียบร้อยแล้ว ดังนั,True,ตำบลอ่างทอง,,ตำบลอ่างทอง,20.0,ตำบลอ่างทอง,C:\Users\Neo\Downloads\ocr_dsde\data\raw_pdf\ตำบลอ่างทอง\หน่วยที่ 20_0001.pdf
ตำบลอ_างทอง_หน_วยท_22_0001,ตำบลอ_างทอง_หน_วยท_22_0001.pdf,กำแพงเพชร,เมือง,อ่างทอง,ตำบลอ่างทอง,17.0,22.0,,,,,,,,,,,False,False,,,,,False,,0.9,True,True,True,True,False,22.0,17.0,อ่างทอง,เมือง,1.0,กำแพงเพชร,True,ตำบลอ่างทอง,,ตำบลอ่างทอง,22.0,ตำบลอ่างทอง,C:\Users\Neo\Downloads\ocr_dsde\data\raw_pdf\ตำบลอ่างทอง\หน่วยที่ 22_0001.pdf
ตำบลอ_างทอง_หน_วยท_23_0001,ตำบลอ_างทอง_หน_วยท_23_0001.pdf,กรุงเทพมหานคร,เมือง,อ่างทอง,ตำบลอ่างทอง,18.0,23.0,,,,,,,,,,,False,False,,,,,True,province_ocr_unreliable,0.55,True,True,False,True,False,23.0,18.0,อ่างทอง,เมือง,1.0,กรุงเทพมหานคร,True,ตำบลอ่างทอง,,ตำบลอ่างทอง,23.0,ตำบลอ่างทอง,C:\Users\Neo\Downloads\ocr_dsde\data\raw_pdf\ตำบลอ่างทอง\หน่วยที่ 23_0001.pdf
ตำบลอ_างทอง_หน_วยท_24_0001,ตำบลอ_างทอง_หน_วยท_24_0001.pdf,กำแพงเพชร,เมือง,อ่างทอง,ตำบลอ่างทอง,19.0,24.0,,,,,,,,,,,False,False,,,,,False,,0.9,True,True,True,True,False,24.0,19.0,อ่างทอง,เมือง,1.0,กำแพงเพชร,True,ตำบลอ่างทอง,,ตำบลอ่างทอง,24.0,ตำบลอ่างทอง,C:\Users\Neo\Downloads\ocr_dsde\data\raw_pdf\ตำบลอ่างทอง\หน่วยที่ 24_0001.pdf
ตำบลอ_างทอง_หน_วยท_25_0001,ตำบลอ_างทอง_หน_วยท_25_0001.pdf,กำแพงเพชร,เชียงราย,อ่างทอง,ตำบลอ่างทอง,20.0,25.0,,,,,,,,,,,False,False,,,,,True,district_ocr_unreliable,0.55,True,True,True,False,False,25.0,20.0,อ่างทอง,เชียงราย,1.0,กำแพงเพชร,True,ตำบลอ่างทอง,,ตำบลอ่างทอง,25.0,ตำบลอ่างทอง,C:\Users\Neo\Downloads\ocr_dsde\data\raw_pdf\ตำบลอ่างทอง\หน่วยที่ 25_0001.pdf
ตำบลอ_างทอง_หน_วยท_26_0001,ตำบลอ_างทอง_หน_วยท_26_0001.pdf,กรุงเทพมหานคร สำหรับสิ้นเป็นที่เรียบร้อย,เมือง,อ่างทอง,ตำบลอ่างทอง,21.0,26.0,,,,,,,,,,,False,False,,,,,True,province_ocr_unreliable,0.55,True,True,False,True,False,26.0,21.0,อ่างทอง,เมือง,1.0,กรุงเทพมหานคร สำหรับสิ้นเป็นที่เรียบร้อย,True,ตำบลอ่างทอง,,ตำบลอ่างทอง,26.0,ตำบลอ่างทอง,C:\Users\Neo\Downloads\ocr_dsde\data\raw_pdf\ตำบลอ่างทอง\หน่วยที่ 26_0001.pdf
ตำบลอ_างทอง_หน_วยท_2_0001,ตำบลอ_างทอง_หน_วยท_2_0001.pdf,กำแพงเพชร,เมือง,ค่างทอง,ตำบลอ่างทอง,2.0,2.0,,,,,,,,,,,False,False,,,,,True,locality_mismatch,0.55,True,False,True,True,False,2.0,2.0,ค่างทอง,เมือง,1.0,กำแพงเพชร,True,ตำบลอ่างทอง,,ตำบลอ่างทอง,2.0,ตำบลอ่างทอง,C:\Users\Neo\Downloads\ocr_dsde\data\raw_pdf\ตำบลอ่างทอง\หน่วยที่ 2_0001.pdf
ตำบลอ_างทอง_หน_วยท_3_0001,ตำบลอ_างทอง_หน_วยท_3_0001.pdf,กำแพงเพชร,เมือง,อ่างทอง,ตำบลอ่างทอง,,3.0,,,,,,,,,,,False,False,,,,,True,missing_moo,0.55,True,True,True,True,True,,,อ่างทอง,เมือง,,กำแพงเพชร,True,ตำบลอ่างทอง,,ตำบลอ่างทอง,3.0,ตำบลอ่างทอง,C:\Users\Neo\Downloads\ocr_dsde\data\raw_pdf\ตำบลอ่างทอง\หน่วยที่ 3_0001.pdf
ตำบลอ_างทอง_หน_วยท_4_0001,ตำบลอ_างทอง_หน_วยท_4_0001.pdf,กรุงเทพฯ ใส่รีจสิ้นเป็นที่เรียบร้อยแล้ว,เมืองกำแพงเพชร,อ่างทอง,ตำบลอ่างทอง,3.0,4.0,,,,,,,,,,,False,False,,,,,True,province_ocr_unreliable,0.55,True,True,False,True,False,4.0,3.0,อ่างทอง,เมืองกำแพงเพชร,1.0,กรุงเทพฯ ใส่รีจสิ้นเป็นที่เรียบร้อยแล้ว,True,ตำบลอ่างทอง,,ตำบลอ่างทอง,4.0,ตำบลอ่างทอง,C:\Users\Neo\Downloads\ocr_dsde\data\raw_pdf\ตำบลอ่างทอง\หน่วยที่ 4_0001.pdf
ตำบลอ_างทอง_หน_วยท_5_0001,ตำบลอ_างทอง_หน_วยท_5_0001.pdf,กำแพงเพชร,เมือง,อ่างทอง,ตำบลอ่างทอง,4.0,5.0,,,,,,,,,,,False,False,,,,,False,,0.9,True,True,True,True,False,5.0,4.0,อ่างทอง,เมือง,1.0,กำแพงเพชร,True,ตำบลอ่างทอง,,ตำบลอ่างทอง,5.0,ตำบลอ่างทอง,C:\Users\Neo\Downloads\ocr_dsde\data\raw_pdf\ตำบลอ่างทอง\หน่วยที่ 5_0001.pdf
ตำบลอ_างทอง_หน_วยท_6_0001,ตำบลอ_างทอง_หน_วยท_6_0001.pdf,กำแพงเพชร,เมือง,ตำบลอ่างทอง,ตำบลอ่างทอง,4.0,6.0,,,,,,,,,,,False,False,,,,,False,,0.9,True,True,True,True,False,,4.0,,เมือง,,กำแพงเพชร,True,ตำบลอ่างทอง,,ตำบลอ่างทอง,6.0,ตำบลอ่างทอง,C:\Users\Neo\Downloads\ocr_dsde\data\raw_pdf\ตำบลอ่างทอง\หน่วยที่ 6_0001.pdf
ตำบลอ_างทอง_หน_วยท_7_0001,ตำบลอ_างทอง_หน_วยท_7_0001.pdf,กำแพงเพชร,เมือง,อ่างทอง,ตำบลอ่างทอง,5.0,7.0,,,,,,,,,,,False,False,,,,,False,,0.9,True,True,True,True,False,,5.0,อ่างทอง,เมือง,,กำแพงเพชร,True,ตำบลอ่างทอง,,ตำบลอ่างทอง,7.0,ตำบลอ่างทอง,C:\Users\Neo\Downloads\ocr_dsde\data\raw_pdf\ตำบลอ่างทอง\หน่วยที่ 7_0001.pdf
ตำบลอ_างทอง_หน_วยท_8_0001,ตำบลอ_างทอง_หน_วยท_8_0001.pdf,กำแพงเพชร,เมือง,อ่างทอง,ตำบลอ่างทอง,5.0,8.0,,,,,,,,,,,False,False,,,,,False,,0.9,True,True,True,True,False,8.0,5.0,อ่างทอง,เมือง,1.0,กำแพงเพชร,True,ตำบลอ่างทอง,,ตำบลอ่างทอง,8.0,ตำบลอ่างทอง,C:\Users\Neo\Downloads\ocr_dsde\data\raw_pdf\ตำบลอ่างทอง\หน่วยที่ 8_0001.pdf
ตำบลอ_างทอง_หน_วยท_9_0001,ตำบลอ_างทอง_หน_วยท_9_0001.pdf,กรุงเทพมหานคร,เมืองฯ,อ่างทอง,ตำบลอ่างทอง,2.0,9.0,,,,,,,,,,,False,False,,,,,True,province_ocr_unreliable,0.55,True,True,False,True,False,9.0,2.0,อ่างทอง,เมืองฯ,1.0,กรุงเทพมหานคร,True,ตำบลอ่างทอง,,ตำบลอ่างทอง,9.0,ตำบลอ่างทอง,C:\Users\Neo\Downloads\ocr_dsde\data\raw_pdf\ตำบลอ่างทอง\หน่วยที่ 9_0001.pdf
ทต_คลองแม_ลาย_หน_วยเล_อกต_งท_1,ทต_คลองแม_ลาย_หน_วยเล_อกต_งท_1.pdf,กรุงเทพมหานคร,เมือง,คลองสามวา,ทต.คลองแม่ลาย,1.0,1.0,,,,,,,,,,,False,False,,,,,True,locality_mismatch;province_ocr_unreliable,0.55,True,False,False,True,False,1.0,1.0,คลองสามวา,เมือง,1.0,กรุงเทพมหานคร,True,ทต.คลองแม่ลาย,ทต,คลองแม่ลาย,1.0,ทต.คลองแม่ลาย,C:\Users\Neo\Downloads\ocr_dsde\data\raw_pdf\ทต.คลองแม่ลาย\หน่วยเลือกตั้งที่ 1.pdf
ทต_คลองแม_ลาย_หน_วยเล_อกต_งท_2,ทต_คลองแม_ลาย_หน_วยเล_อกต_งท_2.pdf,กำแพงเพชร,เมืองฯ,คลองแม่สาย,ทต.คลองแม่ลาย,3.0,2.0,,,,,,,,,,,False,False,,,,,True,locality_mismatch,0.55,True,False,True,True,False,2.0,3.0,คลองแม่สาย,เมืองฯ,1.0,กำแพงเพชร,True,ทต.คลองแม่ลาย,ทต,คลองแม่ลาย,2.0,ทต.คลองแม่ลาย,C:\Users\Neo\Downloads\ocr_dsde\data\raw_pdf\ทต.คลองแม่ลาย\หน่วยเลือกตั้งที่ 2.pdf
ทต_คลองแม_ลาย_หน_วยเล_อกต_งท_3,ทต_คลองแม_ลาย_หน_วยเล_อกต_งท_3.pdf,กำแพงเพชร,เมืองฯ,คลองแม่ลาย,ทต.คลองแม่ลาย,3.0,3.0,,,,,,,,,,,False,False,,,,,False,,0.9,True,True,True,True,False,3.0,3.0,,เมืองฯ,1.0,กำแพงเพชร,True,ทต.คลองแม่ลาย,ทต,คลองแม่ลาย,3.0,ทต.คลองแม่ลาย,C:\Users\Neo\Downloads\ocr_dsde\data\raw_pdf\ทต.คลองแม่ลาย\หน่วยเลือกตั้งที่ 3.pdf
ทต_คลองแม_ลาย_หน_วยเล_อกต_งท_4,ทต_คลองแม_ลาย_หน_วยเล_อกต_งท_4.pdf,กำแพงเพชร,เมืองฯ,คลองเตย,ทต.คลองแม่ลาย,3.0,4.0,,,,,,,,,,,False,False,,,,,True,locality_mismatch,0.55,True,False,True,True,False,4.0,3.0,คลองเตย,เมืองฯ,1.0,กำแพงเพชร,True,ทต.คลองแม่ลาย,ทต,คลองแม่ลาย,4.0,ทต.คลองแม่ลาย,C:\Users\Neo\Downloads\ocr_dsde\data\raw_pdf\ทต.คลองแม่ลาย\หน่วยเลือกตั้งที่ 4.pdf
ทต_คลองแม_ลาย_หน_วยเล_อกต_งท_5,ทต_คลองแม_ลาย_หน_วยเล_อกต_งท_5.pdf,กรุงเทพมหานคร,เมืองฯ,อากาเส,ทต.คลองแม่ลาย,1.0,5.0,,,,,,,,,,,False,False,,,,,True,locality_mismatch;province_ocr_unreliable,0.55,True,False,False,True,False,5.0,1.0,อากาเส,เมืองฯ,1.0,กรุงเทพมหานคร,True,ทต.คลองแม่ลาย,ทต,คลองแม่ลาย,5.0,ทต.คลองแม่ลาย,C:\Users\Neo\Downloads\ocr_dsde\data\raw_pdf\ทต.คลองแม่ลาย\หน่วยเลือกตั้งที่ 5.pdf
ทต_คลองแม_ลาย_หน_วยเล_อกต_งท_6,ทต_คลองแม_ลาย_หน_วยเล_อกต_งท_6.pdf,กำแพงเพชร,เมืองฯ,ตำบลดอนทองเมือง,ทต.คลองแม่ลาย,,6.0,,,,,,,,,,,False,False,,,,,True,locality_mismatch;missing_moo,0.55,True,False,True,True,True,,,ตำบลดอนทองเมือง,เมืองฯ,1.0,กำแพงเพชร,True,ทต.คลองแม่ลาย,ทต,คลองแม่ลาย,6.0,ทต.คลองแม่ลาย,C:\Users\Neo\Downloads\ocr_dsde\data\raw_pdf\ทต.คลองแม่ลาย\หน่วยเลือกตั้งที่ 6.pdf
ทต_คลองแม_ลาย_หน_วยเล_อกต_งท_7,ทต_คลองแม_ลาย_หน_วยเล_อกต_งท_7.pdf,กำแพงเพชร,เมืองกำแพงเพชร,ตำบลดอนทองเมือง,ทต.คลองแม่ลาย,,7.0,,,,,,,,,,,False,False,,,,,True,locality_mismatch;missing_moo,0.55,True,False,True,True,True,,,ตำบลดอนทองเมือง,เมืองกำแพงเพชร,1.0,กำแพงเพชร,True,ทต.คลองแม่ลาย,ทต,คลองแม่ลาย,7.0,ทต.คลองแม่ลาย,C:\Users\Neo\Downloads\ocr_dsde\data\raw_pdf\ทต.คลองแม่ลาย\หน่วยเลือกตั้งที่ 7.pdf
ทต_คลองแม_ลาย_หน_วยเล_อกต_งท_8,ทต_คลองแม_ลาย_หน_วยเล_อกต_งท_8.pdf,กรุงเทพมหานคร,เมืองฯ,คลองแปลง,ทต.คลองแม่ลาย,1.0,8.0,,,,,,,,,,,False,False,,,,,True,locality_mismatch;province_ocr_unreliable,0.55,True,False,False,True,False,8.0,1.0,คลองแปลง,เมืองฯ,,กรุงเทพมหานคร,True,ทต.คลองแม่ลาย,ทต,คลองแม่ลาย,8.0,ทต.คลองแม่ลาย,C:\Users\Neo\Downloads\ocr_dsde\data\raw_pdf\ทต.คลองแม่ลาย\หน่วยเลือกตั้งที่ 8.pdf
ทต_นครช_ม_หน_วยท_10_0001,ทต_นครช_ม_หน_วยท_10_0001.pdf,กำแพงเพชร,เมือง,นครพนม,ทต.นครชุม,9.0,10.0,,,,,,,,,,,False,False,,,,,True,locality_mismatch,0.55,True,False,True,True,False,10.0,9.0,นครพนม,เมือง,1.0,กำแพงเพชร,True,ทต.นครชุม,ทต,นครชุม,10.0,ทต.นครชุม,C:\Users\Neo\Downloads\ocr_dsde\data\raw_pdf\ทต.นครชุม\หน่วยที่ 10_0001.pdf
ทต_นครช_ม_หน_วยท_1_0001,ทต_นครช_ม_หน_วยท_1_0001.pdf,กรุงเทพฯ,เพียง,นครชุม,ทต.นครชุม,2.0,1.0,,,,,,,,,,,False,False,,,,,True,province_ocr_unreliable;district_ocr_unreliable,0.55,True,True,False,False,False,1.0,2.0,,เพียง,1.0,กรุงเทพฯ,True,ทต.นครชุม,ทต,นครชุม,1.0,ทต.นครชุม,C:\Users\Neo\Downloads\ocr_dsde\data\raw_pdf\ทต.นครชุม\หน่วยที่ 1_0001.pdf
ทต_นครช_ม_หน_วยท_2_0001,ทต_นครช_ม_หน_วยท_2_0001.pdf,กำแพงเพชร,เมืองฯ,นครชุม,ทต.นครชุม,3.0,2.0,,,,,,,,,,,False,False,,,,,False,,0.9,True,True,True,True,False,2.0,3.0,,เมืองฯ,1.0,กำแพงเพชร,True,ทต.นครชุม,ทต,นครชุม,2.0,ทต.นครชุม,C:\Users\Neo\Downloads\ocr_dsde\data\raw_pdf\ทต.นครชุม\หน่วยที่ 2_0001.pdf
ทต_นครช_ม_หน_วยท_3_0001,ทต_นครช_ม_หน_วยท_3_0001.pdf,กำแพงเพชร,เมืองกำแพงเพชร,นครเมืองกำแพงเพชร,ทต.นครชุม,3.0,3.0,,,,,,,,,,,False,False,,,,,True,locality_mismatch,0.55,True,False,True,True,False,3.0,3.0,นครเมืองกำแพงเพชร,เมืองกำแพงเพชร,1.0,กำแพงเพชร,True,ทต.นครชุม,ทต,นครชุม,3.0,ทต.นครชุม,C:\Users\Neo\Downloads\ocr_dsde\data\raw_pdf\ทต.นครชุม\หน่วยที่ 3_0001.pdf
ทต_นครช_ม_หน_วยท_4_0001,ทต_นครช_ม_หน_วยท_4_0001.pdf,กรุงเทพมหานคร,เมืองฯ,มิตรจุฬา,ทต.นครชุม,4.0,4.0,,,,,,,,,,,False,False,,,,,True,locality_mismatch;province_ocr_unreliable,0.55,True,False,False,True,False,,4.0,มิตรจุฬา,เมืองฯ,,กรุงเทพมหานคร,True,ทต.นครชุม,ทต,นครชุม,4.0,ทต.นครชุม,C:\Users\Neo\Downloads\ocr_dsde\data\raw_pdf\ทต.นครชุม\หน่วยที่ 4_0001.pdf
ทต_นครช_ม_หน_วยท_5_0001,ทต_นครช_ม_หน_วยท_5_0001.pdf,กำแพงเพชร,เมืองกำแพงเพชร,นครชุม,ทต.นครชุม,4.0,5.0,,,,,,,,,,,False,False,,,,,False,,0.9,True,True,True,True,False,5.0,4.0,นครชุม,เมืองกำแพงเพชร,1.0,กำแพงเพชร,True,ทต.นครชุม,ทต,นครชุม,5.0,ทต.นครชุม,C:\Users\Neo\Downloads\ocr_dsde\data\raw_pdf\ทต.นครชุม\หน่วยที่ 5_0001.pdf
ทต_นครช_ม_หน_วยท_6_0001,ทต_นครช_ม_หน_วยท_6_0001.pdf,กำแพงเพชร,เมืองฯ,นครชุม,ทต.นครชุม,5.0,6.0,,,,,,,,,,,False,False,,,,,False,,0.9,True,True,True,True,False,,5.0,,เมืองฯ,,กำแพงเพชร,True,ทต.นครชุม,ทต,นครชุม,6.0,ทต.นครชุม,C:\Users\Neo\Downloads\ocr_dsde\data\raw_pdf\ทต.นครชุม\หน่วยที่ 6_0001.pdf
ทต_นครช_ม_หน_วยท_7_0001,ทต_นครช_ม_หน_วยท_7_0001.pdf,กำแพงเพชร,เมือง,ทำบนครูป,ทต.นครชุม,5.0,7.0,,,,,,,,,,,False,False,,,,,True,locality_mismatch,0.55,True,False,True,True,False,7.0,5.0,ทำบนครูป,เมือง,1.0,กำแพงเพชร,True,ทต.นครชุม,ทต,นครชุม,7.0,ทต.นครชุม,C:\Users\Neo\Downloads\ocr_dsde\data\raw_pdf\ทต.นครชุม\หน่วยที่ 7_0001.pdf
ทต_นครช_ม_หน_วยท_9_0001,ทต_นครช_ม_หน_วยท_9_0001.pdf,กำแพงเพชร,เมือง,นครชุม,ทต.นครชุม,6.0,9.0,,,,,,,,,,,False,False,,,,,False,,0.9,True,True,True,True,False,9.0,6.0,นครชุม,เมือง,1.0,กำแพงเพชร,True,ทต.นครชุม,ทต,นครชุม,9.0,ทต.นครชุม,C:\Users\Neo\Downloads\ocr_dsde\data\raw_pdf\ทต.นครชุม\หน่วยที่ 9_0001.pdf
ทต_เทพนคร_หน_วยท_10_0001,ทต_เทพนคร_หน_วยท_10_0001.pdf,กำแพงเพชร,เมือง,เทพนคร,ทต.เทพนคร,8.0,10.0,,,,,,,,,,,False,False,,,,,False,,0.9,True,True,True,True,False,10.0,8.0,เทพนคร,เมือง,1.0,กำแพงเพชร,True,ทต.เทพนคร,ทต,เทพนคร,10.0,ทต.เทพนคร,C:\Users\Neo\Downloads\ocr_dsde\data\raw_pdf\ทต.เทพนคร\หน่วยที่ 10_0001.pdf
ทต_เทพนคร_หน_วยท_11_0001,ทต_เทพนคร_หน_วยท_11_0001.pdf,กำแพงเพชร,เมือง,เทพนคร,ทต.เทพนคร,8.0,11.0,,,,,,,,,,,False,False,,,,,False,,0.9,True,True,True,True,False,11.0,8.0,เทพนคร,เมือง,1.0,กำแพงเพชร,True,ทต.เทพนคร,ทต,เทพนคร,11.0,ทต.เทพนคร,C:\Users\Neo\Downloads\ocr_dsde\data\raw_pdf\ทต.เทพนคร\หน่วยที่ 11_0001.pdf
ทต_เทพนคร_หน_วยท_12_0001,ทต_เทพนคร_หน_วยท_12_0001.pdf,กรุงเทพมหานคร ใส่จริงสิ้นเป็นที่เรียบร้อ,เมืองฯ,เทพนคร,ทต.เทพนคร,9.0,12.0,,,,,,,,,,,False,False,,,,,True,province_ocr_unreliable,0.55,True,True,False,True,False,12.0,9.0,เทพนคร,เมืองฯ,1.0,กรุงเทพมหานคร ใส่จริงสิ้นเป็นที่เรียบร้อ,True,ทต.เทพนคร,ทต,เทพนคร,12.0,ทต.เทพนคร,C:\Users\Neo\Downloads\ocr_dsde\data\raw_pdf\ทต.เทพนคร\หน่วยที่ 12_0001.pdf
ทต_เทพนคร_หน_วยท_14_0001,ทต_เทพนคร_หน_วยท_14_0001.pdf,เพชรนคร,เชิงทะเล,เพชรนคร,ทต.เทพนคร,10.0,14.0,,,,,,,,,,,False,False,,,,,True,locality_mismatch;province_ocr_unreliable;district_ocr_unreliable,0.55,True,False,False,False,False,,10.0,เพชรนคร,เชิงทะเล,,เพชรนคร,True,ทต.เทพนคร,ทต,เทพนคร,14.0,ทต.เทพนคร,C:\Users\Neo\Downloads\ocr_dsde\data\raw_pdf\ทต.เทพนคร\หน่วยที่ 14_0001.pdf
ทต_เทพนคร_หน_วยท_15_0001,ทต_เทพนคร_หน_วยท_15_0001.pdf,กำแพงเพชร,เมือง,เกพนคร,ทต.เทพนคร,11.0,15.0,,,,,,,,,,,False,False,,,,,True,locality_mismatch,0.55,True,False,True,True,False,15.0,11.0,เกพนคร,เมือง,1.0,กำแพงเพชร,True,ทต.เทพนคร,ทต,เทพนคร,15.0,ทต.เทพนคร,C:\Users\Neo\Downloads\ocr_dsde\data\raw_pdf\ทต.เทพนคร\หน่วยที่ 15_0001.pdf
ทต_เทพนคร_หน_วยท_16_0001,ทต_เทพนคร_หน_วยท_16_0001.pdf,กำแพงเพชร,6 มิ่งฯ,เทพนคร,ทต.เทพนคร,,16.0,,,,,,,,,,,False,False,,,,,True,district_ocr_unreliable;missing_moo,0.55,True,True,True,False,True,,,,6 มิ่งฯ,,กำแพงเพชร,True,ทต.เทพนคร,ทต,เทพนคร,16.0,ทต.เทพนคร,C:\Users\Neo\Downloads\ocr_dsde\data\raw_pdf\ทต.เทพนคร\หน่วยที่ 16_0001.pdf
ทต_เทพนคร_หน_วยท_17_0001,ทต_เทพนคร_หน_วยท_17_0001.pdf,กรุงเทพมหานคร สรุปเป็นที่เรียบร้อยแล้ว ด,,เทพนคร,ทต.เทพนคร,12.0,17.0,,,,,,,,,,,False,False,,,,,True,province_ocr_unreliable,0.55,True,True,False,True,False,17.0,12.0,,,1.0,กรุงเทพมหานคร สรุปเป็นที่เรียบร้อยแล้ว ด,True,ทต.เทพนคร,ทต,เทพนคร,17.0,ทต.เทพนคร,C:\Users\Neo\Downloads\ocr_dsde\data\raw_pdf\ทต.เทพนคร\หน่วยที่ 17_0001.pdf
ทต_เทพนคร_หน_วยท_18_0001,ทต_เทพนคร_หน_วยท_18_0001.pdf,กรุงเทพฯ,เพียง,เกพนคร,ทต.เทพนคร,14.0,18.0,,,,,,,,,,,False,False,,,,,True,locality_mismatch;province_ocr_unreliable;district_ocr_unreliable,0.55,True,False,False,False,False,18.0,14.0,เกพนคร,เพียง,1.0,กรุงเทพฯ,True,ทต.เทพนคร,ทต,เทพนคร,18.0,ทต.เทพนคร,C:\Users\Neo\Downloads\ocr_dsde\data\raw_pdf\ทต.เทพนคร\หน่วยที่ 18_0001.pdf
ทต_เทพนคร_หน_วยท_19_0001,ทต_เทพนคร_หน_วยท_19_0001.pdf,กำแพงเพชร,เมือง,เทพนคร,ทต.เทพนคร,19.0,19.0,,,,,,,,,,,False,False,,,,,False,,0.9,True,True,True,True,False,,19.0,,เมือง,,กำแพงเพชร,True,ทต.เทพนคร,ทต,เทพนคร,19.0,ทต.เทพนคร,C:\Users\Neo\Downloads\ocr_dsde\data\raw_pdf\ทต.เทพนคร\หน่วยที่ 19_0001.pdf
ทต_เทพนคร_หน_วยท_1_0001,ทต_เทพนคร_หน_วยท_1_0001.pdf,กำแพงเพชร,เมือง,เทพนคร,ทต.เทพนคร,,1.0,,,,,,,,,,,False,False,,,,,True,missing_moo,0.55,True,True,True,True,True,,,เทพนคร,เมือง,,กำแพงเพชร,True,ทต.เทพนคร,ทต,เทพนคร,1.0,ทต.เทพนคร,C:\Users\Neo\Downloads\ocr_dsde\data\raw_pdf\ทต.เทพนคร\หน่วยที่ 1_0001.pdf
ทต_เทพนคร_หน_วยท_20_0001,ทต_เทพนคร_หน_วยท_20_0001.pdf,กำแพงเพชร,เมือง,คามเทพนคร,ทต.เทพนคร,15.0,20.0,,,,,,,,,,,False,False,,,,,False,,0.9,True,True,True,True,False,20.0,15.0,คามเทพนคร,เมือง,1.0,กำแพงเพชร,True,ทต.เทพนคร,ทต,เทพนคร,20.0,ทต.เทพนคร,C:\Users\Neo\Downloads\ocr_dsde\data\raw_pdf\ทต.เทพนคร\หน่วยที่ 20_0001.pdf
ทต_เทพนคร_หน_วยท_21_0001,ทต_เทพนคร_หน_วยท_21_0001.pdf,กำแพงเพชร,เมือง,เพาเวอร์,ทต.เทพนคร,16.0,21.0,,,,,,,,,,,False,False,,,,,True,locality_mismatch,0.55,True,False,True,True,False,21.0,16.0,เพาเวอร์,เมือง,2.0,กำแพงเพชร,True,ทต.เทพนคร,ทต,เทพนคร,21.0,ทต.เทพนคร,C:\Users\Neo\Downloads\ocr_dsde\data\raw_pdf\ทต.เทพนคร\หน่วยที่ 21_0001.pdf
ทต_เทพนคร_หน_วยท_22_0001,ทต_เทพนคร_หน_วยท_22_0001.pdf,กำแพงเพชร,เมือง,ถนนฯ,ทต.เทพนคร,17.0,22.0,,,,,,,,,,,False,False,,,,,True,locality_mismatch,0.55,True,False,True,True,False,22.0,17.0,ถนนฯ,เมือง,1.0,กำแพงเพชร,True,ทต.เทพนคร,ทต,เทพนคร,22.0,ทต.เทพนคร,C:\Users\Neo\Downloads\ocr_dsde\data\raw_pdf\ทต.เทพนคร\หน่วยที่ 22_0001.pdf
ทต_เทพนคร_หน_วยท_23_0001,ทต_เทพนคร_หน_วยท_23_0001.pdf,กรุงเทพฯ,เมือง,เทพนคร,ทต.เทพนคร,18.0,23.0,,,,,,,,,,,False,False,,,,,True,province_ocr_unreliable,0.55,True,True,False,True,False,23.0,18.0,เทพนคร,เมือง,1.0,กรุงเทพฯ,True,ทต.เทพนคร,ทต,เทพนคร,23.0,ทต.เทพนคร,C:\Users\Neo\Downloads\ocr_dsde\data\raw_pdf\ทต.เทพนคร\หน่วยที่ 23_0001.pdf
ทต_เทพนคร_หน_วยท_24_0001,ทต_เทพนคร_หน_วยท_24_0001.pdf,กำแพงเพชร,เมือง,เทพนคร,ทต.เทพนคร,19.0,24.0,,,,,,,,,,,False,False,,,,,False,,0.9,True,True,True,True,False,24.0,19.0,เทพนคร,เมือง,1.0,กำแพงเพชร,True,ทต.เทพนคร,ทต,เทพนคร,24.0,ทต.เทพนคร,C:\Users\Neo\Downloads\ocr_dsde\data\raw_pdf\ทต.เทพนคร\หน่วยที่ 24_0001.pdf
ทต_เทพนคร_หน_วยท_25_0001,ทต_เทพนคร_หน_วยท_25_0001.pdf,กำแพงเพชร,มิลง,เทพนคร,ทต.เทพนคร,20.0,25.0,,,,,,,,,,,False,False,,,,,True,district_ocr_unreliable,0.55,True,True,True,False,False,25.0,20.0,เทพนคร,มิลง,1.0,กำแพงเพชร,True,ทต.เทพนคร,ทต,เทพนคร,25.0,ทต.เทพนคร,C:\Users\Neo\Downloads\ocr_dsde\data\raw_pdf\ทต.เทพนคร\หน่วยที่ 25_0001.pdf
ทต_เทพนคร_หน_วยท_26_0001,ทต_เทพนคร_หน_วยท_26_0001.pdf,กำแพงเพชร,เมือง,เทพนคร,ทต.เทพนคร,21.0,26.0,,,,,,,,,,,False,False,,,,,False,,0.9,True,True,True,True,False,26.0,21.0,เทพนคร,เมือง,,กำแพงเพชร,True,ทต.เทพนคร,ทต,เทพนคร,26.0,ทต.เทพนคร,C:\Users\Neo\Downloads\ocr_dsde\data\raw_pdf\ทต.เทพนคร\หน่วยที่ 26_0001.pdf
ทต_เทพนคร_หน_วยท_27_0001,ทต_เทพนคร_หน_วยท_27_0001.pdf,กรุงเทพฯ,เมือง,เทพนคร,ทต.เทพนคร,22.0,27.0,,,,,,,,,,,False,False,,,,,True,province_ocr_unreliable,0.55,True,True,False,True,False,27.0,22.0,เทพนคร,เมือง,1.0,กรุงเทพฯ,True,ทต.เทพนคร,ทต,เทพนคร,27.0,ทต.เทพนคร,C:\Users\Neo\Downloads\ocr_dsde\data\raw_pdf\ทต.เทพนคร\หน่วยที่ 27_0001.pdf
ทต_เทพนคร_หน_วยท_2_0001,ทต_เทพนคร_หน_วยท_2_0001.pdf,สมุทรสาคร,เมืองฯ,เทพนคร,ทต.เทพนคร,1.0,2.0,,,,,,,,,,,False,False,,,,,True,province_ocr_unreliable,0.55,True,True,False,True,False,2.0,1.0,เทพนคร,เมืองฯ,1.0,สมุทรสาคร,True,ทต.เทพนคร,ทต,เทพนคร,2.0,ทต.เทพนคร,C:\Users\Neo\Downloads\ocr_dsde\data\raw_pdf\ทต.เทพนคร\หน่วยที่ 2_0001.pdf
ทต_เทพนคร_หน_วยท_3_0001,ทต_เทพนคร_หน_วยท_3_0001.pdf,กำแพงเพชร,เมือง,เทพนคร,ทต.เทพนคร,2.0,3.0,,,,,,,,,,,False,False,,,,,False,,0.9,True,True,True,True,False,3.0,2.0,เทพนคร,เมือง,1.0,กำแพงเพชร,True,ทต.เทพนคร,ทต,เทพนคร,3.0,ทต.เทพนคร,C:\Users\Neo\Downloads\ocr_dsde\data\raw_pdf\ทต.เทพนคร\หน่วยที่ 3_0001.pdf
ทต_เทพนคร_หน_วยท_4_0001,ทต_เทพนคร_หน_วยท_4_0001.pdf,กำแพงเพชร,เมือง,เขตราหานคร,ทต.เทพนคร,3.0,4.0,,,,,,,,,,,False,False,,,,,True,locality_mismatch,0.55,True,False,True,True,False,4.0,3.0,เขตราหานคร,เมือง,1.0,กำแพงเพชร,True,ทต.เทพนคร,ทต,เทพนคร,4.0,ทต.เทพนคร,C:\Users\Neo\Downloads\ocr_dsde\data\raw_pdf\ทต.เทพนคร\หน่วยที่ 4_0001.pdf
ทต_เทพนคร_หน_วยท_5_0001,ทต_เทพนคร_หน_วยท_5_0001.pdf,เชียงใหม่,เมือง,เพลง,ทต.เทพนคร,3.0,5.0,,,,,,,,,,,False,False,,,,,True,locality_mismatch;province_ocr_unreliable,0.55,True,False,False,True,False,5.0,3.0,เพลง,เมือง,1.0,เชียงใหม่,True,ทต.เทพนคร,ทต,เทพนคร,5.0,ทต.เทพนคร,C:\Users\Neo\Downloads\ocr_dsde\data\raw_pdf\ทต.เทพนคร\หน่วยที่ 5_0001.pdf
ทต_เทพนคร_หน_วยท_6_0001,ทต_เทพนคร_หน_วยท_6_0001.pdf,กรุงเทพฯ,,เทพนคร,ทต.เทพนคร,4.0,2.0,,,,,,,,,,,False,False,,,,,True,unit_number_mismatch;province_ocr_unreliable,0.55,False,True,False,True,False,2.0,4.0,,,2.0,กรุงเทพฯ,True,ทต.เทพนคร,ทต,เทพนคร,6.0,ทต.เทพนคร,C:\Users\Neo\Downloads\ocr_dsde\data\raw_pdf\ทต.เทพนคร\หน่วยที่ 6_0001.pdf
ทต_เทพนคร_หน_วยท_7_0001,ทต_เทพนคร_หน_วยท_7_0001.pdf,กำแพงเพชร,เมือง,เทพนคร,ทต.เทพนคร,5.0,7.0,,,,,,,,,,,False,False,,,,,False,,0.9,True,True,True,True,False,7.0,5.0,เทพนคร,เมือง,1.0,กำแพงเพชร,True,ทต.เทพนคร,ทต,เทพนคร,7.0,ทต.เทพนคร,C:\Users\Neo\Downloads\ocr_dsde\data\raw_pdf\ทต.เทพนคร\หน่วยที่ 7_0001.pdf
ทต_เทพนคร_หน_วยท_9_0001,ทต_เทพนคร_หน_วยท_9_0001.pdf,กำแพงเพชร,เมือง,เทพฯ อ.,ทต.เทพนคร,7.0,9.0,,,,,,,,,,,False,False,,,,,True,locality_mismatch,0.55,True,False,True,True,False,9.0,7.0,เทพฯ อ.,เมือง,1.0,กำแพงเพชร,True,ทต.เทพนคร,ทต,เทพนคร,9.0,ทต.เทพนคร,C:\Users\Neo\Downloads\ocr_dsde\data\raw_pdf\ทต.เทพนคร\หน่วยที่ 9_0001.pdf
ตำบลอ_างทอง_หน_วยท_18_0001,ตำบลอ_างทอง_หน_วยท_18_0001.pdf,กรุงเทพมหานคร,เมืองฯ,ตำบลอ่างทอง,ตำบลอ่างทอง,13.0,18.0,,,,,,,,,,,False,False,,,,,True,province_ocr_unreliable,0.55,True,True,False,True,False,18.0,13.0,,เมืองฯ,1.0,กรุงเทพมหานคร,True,ตำบลอ่างทอง,,ตำบลอ่างทอง,18.0,ตำบลอ่างทอง,C:\Users\Neo\Downloads\ocr_dsde\data\raw_pdf\ตำบลอ่างทอง\หน่วยที่ 18_0001.pdf
ทต_นครช_ม_หน_วยท_8_0001,ทต_นครช_ม_หน_วยท_8_0001.pdf,กำแพงเพชร,เมือง,นครชุม,ทต.นครชุม,5.0,8.0,,,,,,,,,,,False,False,,,,,False,,0.9,True,True,True,True,False,,5.0,,เมือง,1.0,กำแพงเพชร,True,ทต.นครชุม,ทต,นครชุม,8.0,ทต.นครชุม,C:\Users\Neo\Downloads\ocr_dsde\data\raw_pdf\ทต.นครชุม\หน่วยที่ 8_0001.pdf
ตำบลอ_างทอง_หน_วยท_21_0001,ตำบลอ_างทอง_หน_วยท_21_0001.pdf,กำแพงเพชร,เมือง,ค่างทอง,ตำบลอ่างทอง,16.0,21.0,,,,,,,,,,,False,False,,,,,True,locality_mismatch,0.55,True,False,True,True,False,21.0,16.0,ค่างทอง,เมือง,1.0,กำแพงเพชร,True,ตำบลอ่างทอง,,ตำบลอ่างทอง,21.0,ตำบลอ่างทอง,C:\Users\Neo\Downloads\ocr_dsde\data\raw_pdf\ตำบลอ่างทอง\หน่วยที่ 21_0001.pdf
ทต_เทพนคร_หน_วยท_13_0001,ทต_เทพนคร_หน_วยท_13_0001.pdf,กำแพงเพชร,เมืองฯ,เทนนอร์,ทต.เทพนคร,9.0,13.0,,,,,,,,,,,False,False,,,,,True,locality_mismatch,0.55,True,False,True,True,False,13.0,9.0,เทนนอร์,เมืองฯ,1.0,กำแพงเพชร,True,ทต.เทพนคร,ทต,เทพนคร,13.0,ทต.เทพนคร,C:\Users\Neo\Downloads\ocr_dsde\data\raw_pdf\ทต.เทพนคร\หน่วยที่ 13_0001.pdf
ทต_เทพนคร_หน_วยท_8_0001,ทต_เทพนคร_หน_วยท_8_0001.pdf,กำแพงเพชร,เมืองฯ,เทพนคร,ทต.เทพนคร,6.0,8.0,,,,,,,,,,,False,False,,,,,False,,0.9,True,True,True,True,False,8.0,6.0,เทพนคร,เมืองฯ,1.0,กำแพงเพชร,True,ทต.เทพนคร,ทต,เทพนคร,8.0,ทต.เทพนคร,C:\Users\Neo\Downloads\ocr_dsde\data\raw_pdf\ทต.เทพนคร\หน่วยที่ 8_0001.pdf
